Min,Max
2.000000,5.000000
0.200000,1.000000
50.000000,100.000000
0.100000,2.100000
-0.400000,0.700000
0.323131,599.535497
0.044638,4.508613
